"","Algeria","Argentina","Australia","Austria","Belgium","Bolivia","Brazil","Canada","Chile","China","Colombia","Czechia","Denmark","Eastern Europe/Central Asia","Egypt","Ethiopia","Finland","France","Germany","Greece","Hungary","India","Indonesia","Iran","Ireland","Israel","Italy","Japan","Kenya","Malaysia","Mexico","Morocco","Netherlands","New Zealand","Nigeria","Norway","Pakistan","Peru","Philippines","Poland","Portugal","Rest of EU","Rest of Middle East/Africa","Rest of South America","Rest of South Asia/Oceania","Romania","Russia","Saudi Arabia","Singapore","Slovakia","South Africa","South Korea","Spain","Sweden","Switzerland","Thailand","Turkey","United Arab Emirates","United Kingdom","United States","Uruguay","Venezuela","Vietnam","Western Europe non EU"
"Algeria",0.0388934390857196,2.7212233919452e-08,6.35869530412587e-08,1.33309533683139e-07,3.87039492284262e-08,2.43584351715195e-06,9.63760810262963e-09,3.78810894664889e-08,2.39304020981268e-07,2.82017032347242e-09,4.16484598644566e-07,9.39189774709125e-06,3.15642277360701e-07,5.0072145974562e-08,4.88915712340347e-07,1.3120598763488e-05,4.4655889082593e-07,1.19948479780233e-06,3.05696376033959e-08,4.52021578854774e-07,2.83120286584389e-06,1.36879049055469e-08,2.65684314861834e-08,6.98824607924316e-08,4.46936115746584e-07,2.09249737484765e-07,3.37113705774258e-08,9.97446271190004e-09,2.04328704043195e-05,2.34526086747811e-08,2.82525550062602e-08,2.14940024053201e-07,1.64039677571372e-05,2.82344546887419e-07,4.23340191859029e-07,5.91598630214362e-07,2.23271674555733e-07,4.33854792147819e-07,1.2557875202398e-07,3.84527161978557e-08,6.28639734580515e-08,8.5186046292599e-07,2.03362673374353e-07,9.84827685776519e-08,2.39288269915686e-07,2.11153936066195e-07,2.11241754844086e-08,8.47190967939532e-08,2.17379024796062e-06,2.03677677947092e-08,4.99158471027984e-08,1.14502416911522e-08,9.82224832148961e-07,8.9223734300348e-08,2.25464846142005e-06,1.1383340307534e-08,3.01150906940852e-08,6.76590671372618e-08,1.75279708882169e-08,2.49501322817037e-09,1.54172751333705e-06,6.53397582253715e-06,1.02837077881991e-07,3.19717861658266e-06
"Argentina",1.25282735001364e-06,0.95,1.01682087260797e-07,2.13175675014176e-07,1.92482879909521e-07,0.00704865103818572,0.0196874564606142,1.81727291233768e-06,0.00596967972830556,4.50974281997072e-09,0.0548519058131682,5.00620394902169e-07,5.0474451211654e-07,2.40211556277143e-06,7.81826581517574e-07,2.09811888221351e-05,7.14093661235574e-07,8.95113210402334e-06,5.86607989781025e-06,7.22829062041258e-07,4.52738499155579e-07,2.18883697748535e-07,4.24856584495832e-08,1.11749252581494e-07,7.14696882737223e-07,3.34611882604581e-07,1.61723861301109e-06,4.94455990098785e-06,1.63371321636726e-06,3.75031368497101e-08,4.51787454200392e-08,3.43711236917333e-07,2.3846940022175e-06,4.51498011480256e-06,5.30063258389137e-06,9.46027143363715e-07,3.57034404216687e-07,0.0146664774677767,2.77122435259702e-07,6.14898537646243e-08,1.206311621299e-05,1.36221262039495e-07,1.19382067376084e-05,0.009476370495327,3.82646589879285e-07,3.37656892265498e-07,3.37797323536531e-08,1.35474561696157e-07,3.47611450318089e-06,3.25701585491204e-08,7.98205807645798e-08,1.83101158195377e-08,5.75915513833141e-06,1.4267794103887e-07,3.60541511476073e-07,1.82031336164036e-08,4.81571318228738e-08,1.07479737928121e-05,2.80290308013963e-07,2.79284819376916e-07,0.0607962976580208,1.04485003286141e-05,1.64447079577112e-07,5.11261791186585e-06
"Australia",1.46521733569928e-08,5.08922270133272e-10,0.00976124502887747,6.54950596866488e-08,3.90873566348469e-07,4.55550623336459e-08,1.80242217848165e-10,1.13352134799202e-07,4.47545563404668e-09,4.40778371489851e-07,7.78908075114794e-09,5.85489837212834e-09,5.90313109978143e-09,1.2080173592168e-06,7.51610904348704e-08,2.45380990329094e-07,8.35152913722658e-09,4.48654475112057e-08,9.95865688914907e-08,8.45369214232558e-09,4.07760706293754e-07,2.97691620426738e-08,9.52135032494687e-07,1.30693939697326e-09,4.01212031271346e-06,3.91338144970948e-09,9.76003688623743e-07,8.88667725614804e-08,3.96510757891461e-05,6.52677828607171e-07,5.28378319597389e-10,4.01980099492907e-09,3.46166668895257e-07,0.000130501236679573,4.08700999547539e-05,1.10640573937302e-08,1.95828191038099e-06,8.11393751728101e-09,3.05314039540583e-07,7.19141386118047e-09,1.17567988635436e-09,2.35785686551953e-06,8.89388107473832e-07,1.10509282630533e-07,1.95391349508451e-05,3.94899370659782e-10,3.9506360903851e-10,1.5844136571676e-09,4.18754017330202e-05,3.80917298238467e-10,7.08190332762582e-07,1.49899420554709e-08,2.44927137227151e-08,1.66865923408964e-09,2.52998151508207e-07,5.53516189123246e-08,1.06897523429857e-07,0.000251487184042073,1.13929173475507e-06,1.13814769085398e-07,8.65000060270928e-07,1.22198192858563e-07,1.92325552119276e-09,5.97935253823355e-08
"Austria",0.00179303534395422,7.50376736561586e-07,0.000212640021439455,0.343701586793586,0.0021126584820257,4.69541039634463e-05,5.45152810153901e-06,0.000198003597719334,4.83361274911376e-05,0.00011205492794953,6.33154107944986e-05,0.0181314608869055,0.000232086683355344,0.000391066481342074,8.60262464698578e-05,6.22909668026049e-05,0.000334743598062625,0.000475989077220616,0.00458894833338899,0.000845642370203159,0.0141546284559065,1.64968905736938e-05,1.7106420496757e-05,3.58342909783873e-07,0.000694702802552717,5.61078716575433e-05,0.000720769732687752,0.000245307433052116,1.94048620887788e-05,6.62011737722622e-06,6.62199104342851e-05,0.000124457295329639,0.000761693843646434,0.00028082391323409,1.30558209205339e-05,0.00175067397969689,4.08889750760324e-07,3.18013642297864e-05,4.62236500937478e-05,0.00038351384966206,7.35711668752259e-05,0.00340931962478216,0.000158456636570495,6.16662687650041e-05,3.32405862849392e-05,0.000734116805901048,5.74761488644784e-07,0.000116202010005955,0.00042730725055724,0.000653264697321823,6.16208083729934e-05,0.000348058408108146,0.000131307449746334,0.000177451227371692,0.00461509065097787,1.22688410708226e-05,0.00035787699309095,0.000189467515139565,0.000813704041222765,0.000250801240969992,1.62630763636139e-05,2.27924397133143e-06,2.52991607239416e-05,0.00051160800870007
"Belgium",0.000946739059119257,2.37686375995135e-05,0.000200938979184413,0.00653731594449112,0.26380327001549,1.14817152753793e-05,9.54117943338837e-05,0.00113209242348015,0.000489607050314667,4.72839322529366e-06,0.00383395284649067,0.0117504885978395,0.0105356055937888,0.000990706091922109,0.00149908310990149,0.00263962705474551,0.00923585635921947,0.0121034420613642,0.0159817838924942,0.0136245945605484,0.00801182386254191,1.13573588779807e-05,1.22371109635279e-06,2.13342942873047e-08,0.0312247781534109,0.00540260296713965,0.00302252072490939,0.000263135741431885,3.5889845593037e-05,2.33013735159702e-05,0.000369637228214391,0.00155262814841138,0.0194555639006328,0.000157334422397889,0.00521642181825321,0.0355178223096712,5.3761587152124e-05,0.000391374809802199,0.000124269794939889,0.00877201733839652,0.00400238004133751,0.0203026613366609,0.00819382600441983,0.000597430871263954,0.00245462338594593,0.000997779123961099,6.70240683486e-07,8.61110110903224e-05,0.000307825992918567,0.000647831743814256,8.19142246234248e-06,9.48446059945446e-05,0.00338492205256102,0.0210223714931416,0.00693099705526896,9.12177462729837e-06,0.0010599283946291,0.000253706980819694,0.00440711161611334,0.000487699119892742,0.00100085898016419,3.9894921124254e-05,3.76613840923703e-06,0.0114302802942595
"Bolivia",0,0,0,0,0,0,0,0,0,0,0,0,0,0,0,0,0,0,0,0,0,0,0,0,0,0,0,0,0,0,0,0,0,0,0,0,0,0,0,0,0,0,0,0,0,0,0,0,0,0,0,0,0,0,0,0,0,0,0,0,0,0,0,0
"Brazil",1.17793741795606e-06,0.0399684483972075,1.05164250166607e-05,4.00865457150987e-06,9.36889964073591e-05,0.186046081259694,0.95,9.11275875134628e-06,0.0597658642112495,1.52645943805422e-06,0.19650479599479,4.70694940799927e-06,1.42371759522229e-05,7.52841643506643e-08,3.67545769459851e-05,1.97270017983923e-05,6.71407471656376e-07,0.000727388269895585,5.00984417300867e-05,6.79620698698188e-07,4.2567526858255e-07,4.11599088662574e-07,3.9946004382583e-07,1.05069246806378e-07,6.71974634544461e-06,3.14609875820769e-07,1.01472395318976e-05,4.34905538586632e-06,1.53605516973058e-06,4.58397181712027e-06,0.0387876094283869,3.23165300416276e-06,8.40804290258983e-05,4.24508933213786e-06,6.36497836468766e-07,8.89476726827577e-07,3.35692052236809e-07,0.0957129596699122,1.88809391375547e-07,5.78141908964617e-07,7.56134831841412e-06,1.28078399370648e-06,0.00014537359482715,0.0408821836890834,0.000974985439727249,7.93682161843679e-06,3.17604901485232e-08,0.000250931378645815,3.26832371783064e-06,3.06232207201993e-08,7.50491668341676e-07,3.95958727007576e-06,4.92262875587374e-06,2.68298238324351e-06,2.03393709638989e-05,1.71150096703924e-08,4.52784555788853e-08,9.15537093114758e-06,7.64252856484806e-06,9.84903755305109e-05,0.482702121296421,0.195201351275203,1.54616969613066e-07,0.00100947048116969
"Canada",0.00293772957068473,1.41228833096591e-05,0.00049088997680565,2.94041963766762e-05,0.00148195546864931,0.0005056715866129,3.16365391024118e-05,0.219779787576567,0.000431582652829759,0.000582089954462797,0.00122125560270096,0.000386369758439289,3.68584324752582e-05,0.0057050563698994,0.000672417555696163,0.00136189249172329,0.00734098842361331,0.000629306877279546,0.00209351847382004,0.000305647673129324,0.000466523896289378,1.24318053981591e-06,3.44718903555196e-08,9.06707845159536e-08,0.000104379963170616,0.00142264123566856,3.9803108079757e-05,8.03674697059551e-05,0.000145811324137028,3.04291864278247e-08,0.00458029208157238,0.000686043389773634,0.00784499958058914,0.000175840870717749,0.0785735813086631,0.00171171401558282,8.6906861876069e-06,0.000709274143242955,0.000687587222681188,0.00143787983801787,6.36202856445799e-05,0.00575301785877731,0.0391371306763378,0.00540797974704503,0.0194385693074306,2.54789375220583e-05,2.74081012847137e-08,0.00220403720067798,2.82043970576755e-06,1.07028057234491e-06,5.18116730895574e-06,0.000106223322055616,2.25146245084576e-05,0.000825408828328994,0.000438802689157983,2.0972840192475e-05,0.000576364034860014,0.0165441468465431,0.000176933644856548,0.0410279590951523,6.00106127742027e-05,0.00568004151213658,0.00013076002268226,0.0107854788497931
"Chile",0,0,0,0,0,0,0,0,0,0,0,0,0,0,0,0,0,0,0,0,0,0,0,0,0,0,0,0,0,0,0,0,0,0,0,0,0,0,0,0,0,0,0,0,0,0,0,0,0,0,0,0,0,0,0,0,0,0,0,0,0,0,0,0
"China",0.0827180373423743,0.00382058329264025,0.208215696026526,0.00290584997050647,0.141793298923327,0.338819484834606,0.0192663201462997,0.0401730125330653,0.273701507552978,0.96559606774964,0.0792421392917773,0.0862219428876116,0.0232286112384235,0.313210643142336,0.233053119822652,0.23644163481303,0.0218368624856987,0.0387030238603014,0.041581996318938,0.0520482830948807,0.00766872533944147,0.0136341702795903,0.0109266404195684,0.00332066380414654,0.00201166551314991,0.273515873875003,0.0499967931370089,0.00369353432601837,0.00959101391309553,0.028372234029207,0.199474860783618,0.0107455827073709,0.103479744506622,0.0859675594139181,0.0335973418705939,0.116164364300224,0.0270367126999551,0.340133527756136,0.323219652609381,0.0190927770083858,0.00504079683688071,0.095712103336789,0.131432663080565,0.212756444371248,0.290650714993815,0.00341263901352822,0.276528197812503,0.254409735546189,0.190086319536168,0.000930834741037432,0.0311892746996109,0.00682745588117158,0.0780334100274822,0.0476853690787292,0.0111412774540496,0.0335054223291139,0.0601360615401978,0.169174285089539,0.0618664248342422,0.0162413949516223,0.14540388152343,0.205026324187306,0.0431081756432058,0.0265197173093089
"Colombia",1.12438458060112e-06,0.00115248026714845,1.82514807069199e-06,1.91320409745657e-07,2.77731652814798e-06,0.0163954114816201,9.68205165942657e-07,5.98019353448759e-06,3.43439378137367e-06,4.04739351291822e-09,0.14823131612203,4.49295629406809e-07,4.52996932546765e-07,7.18615032250258e-08,7.01671904714463e-07,0.000188301486186684,6.40883120718539e-07,3.4429033942117e-06,5.70339874396918e-06,6.48722947947064e-06,4.06322696810126e-07,1.96443232733328e-08,3.81299300792539e-08,1.00292459687254e-07,6.41424498550956e-07,3.0030669531792e-07,4.8381185154326e-08,1.43149423774098e-08,1.46622114339028e-06,3.36582281649012e-08,0.00383330539318889,3.08473162694748e-07,1.92618867153923e-05,4.05209386812109e-07,6.0756059023346e-07,8.49038243630861e-07,3.20430407941669e-07,0.00207342688444,1.80225506974487e-06,5.51857711564235e-08,3.60879250806525e-06,1.22255541903331e-06,7.54154575794488e-08,0.0107247620277946,3.43416772849974e-07,3.03039523516857e-07,3.03165557447854e-08,1.21585395013284e-07,3.11973517160043e-06,2.92309902557332e-08,7.16371894541916e-08,1.64329202234327e-07,4.69883016258391e-06,6.40251335885487e-06,3.23577958420132e-07,1.63369060842129e-07,4.32199508312341e-07,9.71015357272015e-07,2.51554294707413e-08,1.71943974627786e-05,4.42524898885165e-05,0.00525128565358351,1.47587583077091e-07,4.58846045031222e-06
"Czechia",0.00208591076132327,4.18792628692387e-08,0.00954227667816745,0.0879035321074202,0.0371523892136103,3.7487304888342e-06,7.41607477643018e-07,1.748954652054e-06,0.00374178248154308,5.59886353007238e-06,0.00901195677767232,0.07342713700449,0.0773053151955427,0.0188767059787649,0.0531369399997005,2.01924254452751e-05,0.0895965401512455,0.0765827830065488,0.135922296727449,0.0554298019255404,0.136013831444006,2.19081220652423e-05,4.08884595629567e-08,1.07548169479151e-07,0.136499602570182,0.0771235725934997,0.0459004653007413,1.22804514212994e-06,1.57229566923555e-06,3.60932500642095e-08,0.00594940986808903,0.0426421147886983,0.0355330219255481,0.015912286061025,6.51514874907239e-07,0.0971554377793635,3.43612111289794e-07,0.000814589978473918,1.93264014353626e-06,0.0618950860885018,0.00716313393422215,0.0621126443326351,0.0143077730074698,0.00347535471010346,0.00121894535527392,0.00645604139810717,1.26788308245538e-05,0.0116000467889186,0.00909958054465518,0.0254439595853265,6.99060352191341e-05,1.58595914913685e-05,0.0358594105974546,0.038671778400162,0.111407235827652,1.75188079920348e-08,0.0243704960378696,0.00316023613308489,0.0316199212286803,2.57266055970347e-06,0.00130498387589909,1.00557011182268e-05,0.000473212000158305,0.0572736304986207
"Denmark",0,0,0,0,0,0,0,0,0,0,0,0,0,0,0,0,0,0,0,0,0,0,0,0,0,0,0,0,0,0,0,0,0,0,0,0,0,0,0,0,0,0,0,0,0,0,0,0,0,0,0,0,0,0,0,0,0,0,0,0,0,0,0,0
"Eastern Europe/Central Asia",9.46437340300405e-06,3.28731463946748e-07,0.000122903733507739,0.000198596597493345,0.00336492519560455,2.94256769844307e-05,1.51352532793536e-05,0.000118979704812178,2.89086009543975e-05,3.59047428763542e-05,5.03125146685714e-06,0.00096022250406831,0.000114391433162822,0.0537509670417146,0.00173082356092194,0.000158500535169078,5.3945574021657e-05,6.91758080738167e-05,0.00128002508455486,0.000709871267937694,0.000569150980129619,1.65353753436165e-07,3.20954148897667e-07,0.000135071975103527,1.66292723077863e-05,0.000101111834827598,0.000625928216564142,7.22965943715771e-06,1.23417419909886e-05,2.83314130175839e-07,3.41298836212231e-07,0.0011424759007231,0.000536350394021311,3.41080179269427e-05,0.000110463889692837,0.000374843280945437,2.69718482693486e-05,5.24108830554758e-06,1.51702675773118e-05,0.000515635405032179,3.79707268531208e-05,0.00908022826728771,0.000367117905877189,3.65237787116401e-06,2.8906698181232e-06,0.000119887558961575,0.0972811623480379,1.17182802967014e-05,2.62599995516889e-05,5.16701602045311e-05,6.02997517249602e-07,1.38322150427566e-06,3.95518437225604e-05,0.000131184866168967,0.00484379065983552,1.37513962836574e-07,0.00163450795842555,0.00877035093995319,2.54091400823101e-05,3.15736428420094e-05,1.86245033747114e-05,7.89322715618694e-05,1.24230091730865e-06,0.000386228198037489
"Egypt",2.69905156500189e-06,9.37476930009131e-08,2.19060668455972e-07,4.59258922836478e-07,5.33349222401881e-08,8.39161940618896e-06,3.32021078586492e-08,1.30502506937e-07,8.24415957882811e-07,1.63854388422771e-06,1.43481312151405e-06,1.07852072379953e-06,1.08740559131266e-06,1.72501389728415e-07,0.223890378500396,4.5201208710336e-05,1.53842076794924e-06,1.37743110833267e-07,5.08667294156413e-07,1.84688668600388e-05,9.75365484054256e-07,4.71556106238539e-08,9.15297570149905e-08,2.40749050589125e-07,1.53972032924797e-06,7.20877242504556e-07,2.16015914229246e-07,1.00331893608865e-05,3.51962001256779e-06,8.07955702799651e-08,9.73316582923021e-08,1.10331609884757e-06,2.56875461677367e-07,9.72693016693605e-07,1.45843102991184e-06,1.22285454981596e-06,7.69183612929643e-07,1.4946544257131e-06,4.32625940487983e-07,1.3247179352633e-07,2.16569962686903e-07,2.93470772720778e-07,0.000155383859078027,3.39278736976389e-07,8.24361694566351e-07,7.2743731488057e-08,7.27739855563333e-08,1.30637478264954e-05,7.48883099481661e-06,7.01681180598475e-08,1.71962931228834e-07,3.94467336281817e-08,1.127940130344e-07,3.07380837469756e-07,7.76739213736867e-07,3.92162545579466e-08,1.0374819963111e-07,0.000467036434818129,6.03848562606579e-08,3.18891655957648e-08,5.31133893818498e-06,2.25099181970776e-05,3.54279580093586e-07,1.10144621093464e-05
"Ethiopia",0,0,0,0,0,0,0,0,0,0,0,0,0,0,0,0,0,0,0,0,0,0,0,0,0,0,0,0,0,0,0,0,0,0,0,0,0,0,0,0,0,0,0,0,0,0,0,0,0,0,0,0,0,0,0,0,0,0,0,0,0,0,0,0
"Finland",1.7776133379304e-06,6.17428550234129e-09,5.33816816661353e-06,8.43894049561782e-05,6.32281230510062e-06,5.52677643387915e-07,2.18671293806487e-08,0.000461034836033989,5.42965840941289e-08,5.8228988044274e-07,9.4497747850147e-08,7.52940188191843e-05,0.000382436149805523,0.000170870288605837,1.99677445310422e-05,0.000387007622591369,0.240755587492969,1.50592760202273e-05,0.00209156870535978,1.23073039398215e-05,3.34038746229548e-05,3.10569992400855e-09,6.02821076103678e-09,1.58558928243748e-08,1.01407006425676e-07,4.74774553366374e-08,1.74394895361733e-05,5.4994378299183e-06,2.31804518295037e-07,5.32125007308847e-08,6.41032784355712e-09,4.87685457325109e-08,1.25193118598182e-05,5.76559889535342e-06,0.000199790737178441,0.00434234131638643,5.06589450676268e-08,9.84389360024114e-08,2.84930325940469e-08,8.34951929151875e-05,1.42634419904852e-08,0.00170532537077653,0.000118513868331808,2.23451235962211e-08,2.17172041103857e-06,1.06359103481402e-05,1.56249947027669e-05,1.92222326419311e-08,9.864387946129e-06,4.34403985190025e-06,5.66279659391706e-07,3.84502246277341e-06,2.97147553027213e-07,0.00148066859122593,2.04626247877003e-05,2.58280864544472e-08,4.57806010504161e-06,4.60542561736086e-07,9.55033622898458e-07,5.0949259232434e-07,3.49808320123004e-07,1.48251820534667e-06,2.33330891153352e-08,0.000725419810780441
"France",0.311464669156576,0.000509519559648375,0.00321825050916966,0.016546058824928,0.122649735768576,0.010635350929982,6.20950044579424e-05,4.46030164838993e-05,0.0279251822220097,1.54107430065856e-05,0.00482876821709112,0.1344060320876,0.0256532701825103,0.0220229290194132,0.0492979310616474,0.00343292895443256,0.0177961250148239,0.260925702590833,0.0786394668404898,0.106996339133824,0.0449090534812457,8.95564168302976e-07,8.68934598249715e-06,1.14277141322685e-07,0.0887269014768803,0.0237713255079562,0.0856828793570898,0.00158787622188996,0.000517907567669236,3.37493184993763e-05,0.00139064820237013,0.0183686804886849,0.0529928307762351,0.00315348875238219,0.000657664327570334,0.0244081907463392,2.92088726323974e-05,0.000943598448432943,3.49105155571918e-05,0.0370707590019003,0.0994003792258414,0.10953234954642,0.0152701492778244,0.00350276247696201,0.0111677724612337,0.00662068739823929,1.38175465476362e-06,0.0028719164249385,0.00963336698829043,0.00215362647208007,0.000569750935177373,0.00029097578373283,0.0474388526051781,0.0167499479679958,0.0486606762156413,1.86149081514479e-08,0.0442469951231408,0.00346247564721621,0.0313379161537065,0.000124482357413339,0.00201692053685403,1.06848566865572e-05,1.68167050059075e-07,0.0656670818604972
"Germany",0.104613277858928,0.00084191414364498,0.0521623712123718,0.275108724977591,0.146952285962849,0.00596084411120731,0.00196900384746262,0.0342599606233193,0.0152790934399779,0.0112615156359871,0.0186830373761812,0.278813874608219,0.345046062334247,0.064827344508572,0.134607718366114,0.0537911735192366,0.177933343899422,0.187677129054295,0.100438863125631,0.149582861295554,0.131795975821507,0.000704942458471228,0.000960050403708212,0.000188779472967572,0.190306261509893,0.043605147465755,0.157416983692749,0.0155495674170488,0.000194813159245946,0.00210486139822636,0.00958367853194823,0.0524109273742017,0.310287698725414,0.0257844730248896,0.0323909325808735,0.352981242379928,0.000713127764671863,0.00953463862378779,0.00293539462010372,0.0808812189839791,0.0485444974960503,0.144599511322476,0.0534856663789707,0.0109514555721582,0.021365747922603,0.00920672390381302,0.00168373970325405,0.0128430256560197,0.167324458791865,0.00807419847089751,0.0159867029963947,0.0216840857977858,0.0879503050767776,0.123501181112554,0.409382920465877,0.000920714875996511,0.0614354728373622,0.0214651030850368,0.117101367411738,0.0166194345877154,0.015336265358881,0.000207656331397603,0.00187108222357944,0.212719605517939
"Greece",0,0,0,0,0,0,0,0,0,0,0,0,0,0,0,0,0,0,0,0,0,0,0,0,0,0,0,0,0,0,0,0,0,0,0,0,0,0,0,0,0,0,0,0,0,0,0,0,0,0,0,0,0,0,0,0,0,0,0,0,0,0,0,0
"Hungary",1.57450073944193e-06,7.49226005886291e-05,0.0157462557222174,2.67910225568749e-07,7.7782762280419e-08,0.0514983370837466,0.000264574535646122,0.00550337068847003,0.00362618053801855,0.000348390763168142,0.0303078794849043,6.29158664156388e-07,0.0415717216376206,0.0208644710752303,0.0089806603364865,2.63682759755067e-05,0.00925378492262573,8.03529034688371e-08,6.14353548437668e-08,9.08421174443295e-07,0.366910535728956,0.000124337890505663,8.16931095773415e-05,1.40441762242603e-07,0.0161848543583447,0.0321576343530231,6.77492497805665e-08,0.00219739124392472,2.05318208225441e-06,0.000153651511873533,0.00286392003611483,0.00901936304198091,1.49849157978283e-07,0.00896529474408966,8.50780609306232e-06,0.00525505795383539,4.48705828013142e-07,0.00680091085560698,0.00048455766992479,7.72778629230298e-08,1.26336810608952e-07,0.00125060035190904,0.00149115591258753,0.0106144165463716,0.000913698877611732,4.24352985703817e-08,7.64153052877688e-06,0.00150508720173168,0.0338569178193406,4.09328058800539e-08,0.00261220650383408,0.00102423668976995,6.57987639918106e-08,1.79311637525559e-07,0.0359726738551652,0.000159909761627363,0.00964476337845424,0.00192946311986132,0.0201765807158169,0.00246753387538755,0.00396593574141634,1.31312359147356e-05,1.24002105345358e-05,0.0203040214257042
"India",1.41267191148483e-06,1.47201410731997e-06,0.00847303450993333,2.40374133196459e-05,0.0023574443440239,0.15104560141223,6.42980065272271e-06,6.28400917023146e-05,0.140684872850436,1.35772908501417e-05,0.0778160274255468,3.95145156378432e-05,2.84571690877992e-05,1.80572962088822e-06,0.0232560154650316,0.627413264769838,8.05202773858567e-07,0.00120180945140815,0.000610740292260805,5.70536889155273e-05,1.53150622309911e-05,0.983872971499312,0.0119607606309147,1.26007011460584e-07,8.05882958619682e-07,0.00649717539316634,0.00073794096240846,0.000646569073510456,0.0672570384031803,3.80592467251153e-06,0.0550800473372256,0.0153863044568485,4.0334251575634e-05,0.00369609007788019,0.401209659696426,1.06672796767855e-06,0.000104672717520844,0.283652583247119,0.0286009474376508,6.93351635831138e-08,0.00018589692160275,4.60803998160114e-05,0.163599153113635,0.098276451849977,0.100380877646034,3.8073754329959e-07,3.80895891783985e-08,0.181782114463584,7.83924348346201e-05,3.67256894052073e-08,0.146380869443787,3.44792370188935e-05,1.5939692570955e-05,6.43527201707106e-06,4.0654194385283e-06,2.17571550415593e-05,0.0059264503008522,0.0724997208157137,0.00502427427351483,0.000181032832451855,0.123150979642087,0.0174367588145281,0.000213242659316173,5.76492181318398e-06
"Indonesia",1.36403784118947e-06,4.7377902088125e-08,0.000949412173518511,2.32098770462889e-07,0.000254340772499985,0.0131875084196339,1.44321103423877e-06,2.93556489614673e-06,0.0285008360763926,7.21779101868768e-07,0.000312926035169608,5.45059271503245e-07,3.1093509394587e-05,8.7178187441249e-08,0.00228042985192595,2.28436388351693e-05,7.77482049755901e-07,5.11231719769989e-06,2.04856539363496e-06,7.8699287122446e-07,4.92927014248862e-07,2.38313480740367e-08,0.95,1.21668966792702e-07,7.78138817789312e-07,3.64314580120979e-07,5.86932340505894e-08,0.00233245326500216,0.000655018808779149,0.000708752682157782,0.0181229132556222,0.000480736374143267,4.82277137782509e-05,3.88836941453635e-06,0.00265681075620819,1.03000371306264e-06,0.000256210292227967,0.063082389868007,0.218060830977669,6.69481611997386e-08,3.99446597864365e-05,1.48313298072903e-07,0.0175452121049161,0.034195708174368,0.0199265516814894,3.67629888015744e-08,3.67782785035252e-08,0.0521912341320325,0.000890838186494195,3.54613337217275e-08,0.000977885271689901,5.16328441522459e-06,5.70034689346266e-08,1.55343121043694e-07,3.92545920208125e-07,0.00465851838254498,3.27804397473821e-05,0.019353589868284,8.75657693552667e-06,1.44137362655425e-05,0.0019754837612441,0.0242946753215393,0.0445387900419854,5.56645279116248e-06
"Iran",1.60451801659642e-06,5.5730636785448e-08,1.30226037109823e-07,2.73017835423711e-07,4.95410387611998e-07,4.98860588669076e-06,1.97378149194948e-08,7.75804457782814e-08,4.90094474201585e-07,2.02149742474348e-06,8.52960178223434e-07,6.41153342547474e-07,6.46435171981469e-07,0.000141423562467833,1.00129905041207e-06,2.6870977453007e-05,9.145523084065e-07,8.18848020022393e-08,6.26065972746106e-07,9.2573988981966e-07,5.79830156720345e-07,2.80328200508188e-08,5.44121298346301e-08,0.996175765878568,9.15324864790572e-06,4.28543321791665e-07,6.90408642947605e-08,2.04276929329767e-08,2.09232524304677e-05,4.80309268101351e-08,5.78612136723279e-08,4.40197024861004e-07,1.52705977028108e-07,5.78241442342105e-07,8.67000428520965e-07,1.21159359723412e-06,4.57260239492859e-07,8.88534322848533e-07,2.57185199779409e-07,7.87511369400934e-07,1.28745375409123e-07,1.74460965577971e-06,3.57941729447005e-06,2.01692643884821e-07,4.90062216029851e-07,4.32443119207165e-08,4.32622972005289e-08,1.73504653318447e-07,4.45192096743825e-06,4.17131747601904e-08,1.02227621332312e-07,2.34500872910344e-08,4.96193629770675e-05,1.82730147905261e-06,4.61751853428138e-07,2.33130733023297e-08,6.16756855097137e-07,6.31887414779655e-05,3.58972726035128e-08,5.10978541510538e-09,3.15745691155848e-06,1.33815780949325e-05,2.10610266414816e-07,6.54781965884842e-06
"Ireland",0,0,0,0,0,0,0,0,0,0,0,0,0,0,0,0,0,0,0,0,0,0,0,0,0,0,0,0,0,0,0,0,0,0,0,0,0,0,0,0,0,0,0,0,0,0,0,0,0,0,0,0,0,0,0,0,0,0,0,0,0,0,0,0
"Israel",0,0,0,0,0,0,0,0,0,0,0,0,0,0,0,0,0,0,0,0,0,0,0,0,0,0,0,0,0,0,0,0,0,0,0,0,0,0,0,0,0,0,0,0,0,0,0,0,0,0,0,0,0,0,0,0,0,0,0,0,0,0,0,0
"Italy",0.0950597853274019,1.93561120048877e-05,0.00374319479178808,0.018617609930397,0.0179717081800122,0.00013860959768002,4.18170149837725e-05,0.00424058656245331,0.000650230429729089,0.000151612900660816,0.000154048055482664,0.0214487756082236,0.00886841881633683,0.00355807930583304,0.00557122165047818,0.00317312004579478,0.00348131423196512,0.0383352222560265,0.0405234343460149,0.0746835435920478,0.0239324722119932,3.56346088222159e-05,3.40167134713501e-06,9.9415045620975e-07,0.00619917637229008,0.0192955816752661,0.253717598081522,0.00168133842052021,1.45339382756315e-05,4.30392598373827e-05,0.000486325482208032,0.003657062641676,0.00371260031459136,0.00388409465458714,0.00473967061485396,0.00437637400793807,3.17627105000767e-07,0.000283913574221268,8.39649333089218e-05,0.00541504753688634,0.00644078603154147,0.0379893818290924,0.00340885906846857,0.000444123177109377,0.000748907219365957,0.0019161773846667,3.90667286093913e-06,0.000591761539822957,0.00924640157373473,0.00126766768360336,0.000399788932509456,0.000310471311883169,0.013125926903737,0.00186206328212149,0.0373638318878603,3.85416766084175e-05,0.00485954976699355,0.00164109724165332,0.00322389215407645,0.00323497231641085,0.00057024947930039,0.0078080167409553,6.29074541664886e-05,0.0082779388568686
"Japan",0.0017597371324145,0.000534845618228854,0.354838574543492,0.0356143511259941,0.0414508010129952,0.0869992397558367,0.000605552693800176,0.129132894813925,0.276712841746187,0.00928733348545404,0.0847896859331453,0.0114636475459427,0.051008563348232,0.102541276409944,0.0144483709897152,0.0292765585423352,0.0446676059952018,0.0222057739741651,0.046461869008165,0.0398770406606677,0.0420670915156881,0.000256273096458786,0.00693182608647341,2.0653212205543e-06,0.163532114603409,0.119884033570567,0.0342094055598582,0.95,0.846772029632244,0.0144462727857694,0.0365325527798549,0.00549163555982708,0.0429681689252411,0.653646067867204,0.0239782643426101,0.111523178175551,0.147009327515321,0.0495643590284308,0.0376760877351167,0.0357512601115838,0.00449239093687019,0.0629225433946532,0.185913157117907,0.179482495878148,0.207389234531338,0.00300604339340183,0.0663549313748593,0.188367610482504,0.397481728646485,0.000421367361642819,0.0435788439716537,0.00431260651272346,0.0240857481715722,0.0306688999913279,0.0542636941206624,0.00848566489263054,0.0106336076588229,0.265027384883321,0.0590686241276303,0.0555335921238594,0.0293435671654149,0.117505318362252,0.00695682299756032,0.127561637592644
"Kenya",0,0,0,0,0,0,0,0,0,0,0,0,0,0,0,0,0,0,0,0,0,0,0,0,0,0,0,0,0,0,0,0,0,0,0,0,0,0,0,0,0,0,0,0,0,0,0,0,0,0,0,0,0,0,0,0,0,0,0,0,0,0,0,0
"Malaysia",1.80109267464779e-06,6.25583761786919e-08,1.75416536849702e-05,3.06466127736556e-07,8.8976752978083e-08,5.59977602388217e-06,2.21559580492999e-08,8.70850754817789e-08,5.50137523068936e-06,4.01965055253139e-06,9.57459070496006e-07,7.19703098777146e-07,7.25632022107337e-06,2.87777930435903e-05,0.000832424469350251,0.000419567708991351,1.02659705046334e-06,9.19167722180303e-08,7.0276732682079e-08,1.03915525842476e-06,6.50867012403003e-07,3.14672109138114e-07,0.000469507937307086,1.60653229848235e-07,3.08239276563752e-05,4.81045541193414e-07,7.74992824302596e-08,6.19119591345426e-06,2.34866273189382e-06,0.95,6.49499768862201e-08,4.94126976872912e-07,5.14243430903352e-06,6.49083659521224e-07,6.43590013670496e-05,1.36002982207549e-06,0.114856069201077,9.97391517890426e-07,0.00719025071387711,1.76798383559272e-06,1.44518385051252e-07,7.83338956282969e-06,0.000558402294968012,2.26402657791201e-05,0.00462397010234123,4.854231153216e-08,4.85625002463948e-08,4.38875036631707e-05,0.000949494621019487,4.68235898380564e-08,0.00110047029628118,2.67705243960579e-07,7.52680953764011e-07,2.0511700549652e-07,1.03664511350096e-05,0.00184942888190637,6.92317719255423e-08,0.000188504286307653,4.83541953837352e-06,1.14716032914242e-07,3.54428710372931e-06,1.50209982267045e-05,2.36412806912569e-07,7.35001408552774e-06
"Mexico",1.14207768243591e-06,0.00225158029464673,0.0134071752091636,0.0164008496783983,0.0134440581441061,0.048873487246135,0.00505165367824681,0.137077549711261,0.031385465426157,0.000358786299840443,0.141084255347177,0.0105374830882018,0.000878839143632027,0.0222606638507447,0.00281133316983443,0.000290339605946425,0.0101681191536293,6.87759119171901e-05,0.0700894950789383,6.58931128829847e-07,4.12716513460121e-07,9.97672130341522e-05,6.27417207563801e-05,1.01870642751237e-07,0.00615032833806975,0.00950680026781367,0.000120890555606103,0.00204217103200789,8.9357599220354e-05,0.000123076323502147,0.474444488701878,0.0033837305043774,6.73905145665863e-05,0.0187600755053349,4.28096871057822e-05,0.0466988813684877,0.000133443782349122,0.0465418946265203,0.124521398755079,0.00592548567133305,5.49836967054424e-06,0.00178073161873426,0.00661969159724845,0.0201223488240325,0.000334344654224286,0.000351516845406545,3.07936112979535e-08,0.0251703355525057,0.0205339972149329,0.00039192071895115,0.00305101375068051,0.00189852622343117,0.00361346421244287,5.20260967274143e-06,0.0172025731243794,5.22207589087843e-05,0.00248342592775098,0.0183013037084559,0.00911260588579577,0.0719110325971115,0.0531149189116417,9.52485515271075e-06,1.4990999320436e-07,0.00507443730456244
"Morocco",0.000178539839483528,4.17541461300677e-08,9.75671066590605e-08,0.00686314317209908,0.00600391336091781,3.73753093796679e-06,1.84182517824034e-06,3.77575571476676e-06,0.00127183843751817,2.97627407187376e-07,2.69039751510627e-06,0.00910794720742488,0.0135692768969434,0.00180825108995242,0.00262880450902949,0.00218413146359584,0.00068350251566553,0.0697974745363567,0.0102398778388534,0.0258896765499462,0.000207959564969637,1.07113094610137e-08,4.07663029064221e-08,1.07226863053317e-07,0.0130016875225061,3.21070447302445e-07,0.0279859211375598,4.68920812711488e-06,1.56759834426682e-06,3.605739021434e-07,4.33504031227629e-08,0.658631353519292,0.00499744067883197,0.000326262728027397,8.01307622943732e-05,0.00171058588943402,3.42585550076469e-07,6.65701920841603e-07,1.92686626844431e-07,0.00378183204579018,0.00965374007989005,0.00937020833693237,0.00340471427531524,1.5111085413482e-07,0.00500134549648443,0.00372306240886851,3.24126976368045e-08,0.00380911227881679,3.3354393446024e-06,0.000382730713995762,5.33068594034826e-07,1.75691222636157e-08,0.0206045610284317,0.00235235803683245,0.0106855946229919,1.74664695319007e-08,0.0145572653656149,0.000439330831463136,0.00403895194453015,6.01199416468434e-07,2.36560938271978e-06,1.00256591249396e-05,1.57792057432096e-07,0.0130605830647367
"Netherlands",0.000444356292697634,3.36187877415068e-06,0.000169612086771784,0.00198745072689447,0.00798288718631716,4.55956386431611e-07,1.4883227801932e-05,0.000206839180347787,6.41904033326451e-06,2.02712477107396e-05,2.41676575248862e-05,0.00218682378542618,0.00350680793871334,0.000983677110221558,0.000622324394531354,0.0011788778563931,0.00127272893248912,0.00623664028386385,0.00684189003110756,0.00400664664781883,0.00159936979162786,2.56218743716751e-08,9.4988974961009e-06,1.30810349981435e-08,0.000975071561826358,4.85691524648184e-05,0.00129094824574969,8.72300785015571e-05,3.05980172810835e-05,1.31700168279907e-07,7.76879108998199e-05,0.000282843717224209,0.176128523564671,0.000348816691046996,0.000492101875876144,0.000600206043980504,4.17933850044668e-08,8.1211646754325e-08,1.10481087079948e-05,0.00150737775864339,0.000834916336615679,0.00260207092174909,0.000914977744595645,0.000108031476245271,4.7478959524224e-05,0.000158444312919081,4.74498594958009e-07,5.07463970836164e-06,0.000248211208560047,6.73986534291232e-05,7.82990301081282e-05,8.52187084067267e-05,0.000535818486218454,0.000533358133870367,0.000902741774894976,2.74873800862827e-06,0.000106429024972955,0.000127661650727417,0.000575469386637387,8.49157840751105e-05,0.000155838694268525,7.33842215420858e-05,2.11746544066964e-05,0.0142495192753412
"New Zealand",0,0,0,0,0,0,0,0,0,0,0,0,0,0,0,0,0,0,0,0,0,0,0,0,0,0,0,0,0,0,0,0,0,0,0,0,0,0,0,0,0,0,0,0,0,0,0,0,0,0,0,0,0,0,0,0,0,0,0,0,0,0,0,0
"Nigeria",0,0,0,0,0,0,0,0,0,0,0,0,0,0,0,0,0,0,0,0,0,0,0,0,0,0,0,0,0,0,0,0,0,0,0,0,0,0,0,0,0,0,0,0,0,0,0,0,0,0,0,0,0,0,0,0,0,0,0,0,0,0,0,0
"Norway",0,0,0,0,0,0,0,0,0,0,0,0,0,0,0,0,0,0,0,0,0,0,0,0,0,0,0,0,0,0,0,0,0,0,0,0,0,0,0,0,0,0,0,0,0,0,0,0,0,0,0,0,0,0,0,0,0,0,0,0,0,0,0,0
"Pakistan",2.33791474335443e-06,8.1204122390358e-08,1.89750048910954e-07,3.97809445598989e-07,1.15496590226233e-07,7.26880915679528e-06,2.87596200382803e-08,1.13041091533393e-07,7.14107965769653e-07,8.41568012338776e-09,1.24283314711098e-05,9.34213163571943e-07,9.41909223558738e-07,1.49420465886841e-07,1.45897508675591e-06,3.9153224648104e-05,1.33257794756829e-06,1.19312892642854e-07,9.12229624632393e-08,1.3488791740162e-06,8.44860237165527e-07,4.08461248902861e-08,7.92829492980975e-08,2.08536495604338e-07,1.43506510133178e-05,6.24422873298796e-07,1.00598218816544e-07,1.22035799128217e-05,0.000487790400158988,6.99850115516884e-08,8.43085481831286e-08,6.41403277344536e-07,2.22505170649111e-07,8.42545349623321e-07,6.06379654461016e-06,1.76539154102872e-06,0.690371581132348,1.2946676022813e-06,3.74739993018151e-07,1.14746884861237e-07,1.87592603008708e-07,2.54203978606481e-07,0.000429651959307544,2.93882774071127e-07,7.14060962959768e-07,6.30105198943934e-08,6.30367259266111e-08,2.52810552974819e-07,6.48681507989612e-06,6.07795270948952e-08,1.48954053877091e-07,3.41687062679133e-08,1.95404037073336e-06,2.66252857508736e-07,6.72810435741223e-07,3.39690656151283e-08,8.98665474417794e-08,1.9422939578825e-06,1.04610558432982e-06,7.44537769834039e-08,4.60067446341155e-06,1.9498060098979e-05,3.06876483691647e-07,9.54071188911941e-06
"Peru",0,0,0,0,0,0,0,0,0,0,0,0,0,0,0,0,0,0,0,0,0,0,0,0,0,0,0,0,0,0,0,0,0,0,0,0,0,0,0,0,0,0,0,0,0,0,0,0,0,0,0,0,0,0,0,0,0,0,0,0,0,0,0,0
"Philippines",1.01613379237774e-06,3.52939529021617e-08,0.000163855286787069,1.72900924530807e-07,5.01985748483249e-07,3.15926089074016e-06,1.24998663274225e-08,2.40743542709662e-08,3.10374549579828e-07,0.00258400125502696,5.40175711135924e-06,4.06039427865333e-07,4.093843858639e-07,6.49429946459887e-08,6.34118028514086e-07,1.70172649616864e-05,5.73389903321751e-07,5.18572640107444e-08,3.96484666787744e-08,5.86266763768231e-07,3.6720373968317e-07,1.77530544715886e-08,6.89178971732541e-07,9.06367440172625e-08,5.79670976889527e-07,2.71394491221753e-07,8.74465160742635e-07,5.69476301212651e-07,1.32505983860172e-06,3.04177624097545e-07,3.66432373287773e-08,2.78774727138461e-07,9.67079845482033e-07,3.66197614261411e-06,5.49067336305099e-07,7.67296586291791e-07,1.11778181678875e-06,5.62704651362584e-07,0.0735842460985464,4.98727285111712e-08,8.15338470571217e-08,1.19434628269041e-06,5.10820150676715e-06,1.27731012681378e-07,5.93272936995929e-05,2.73864214775074e-08,2.73978114715079e-08,1.09879689444463e-07,2.81938082914458e-06,2.64167594397597e-08,6.47402768156548e-08,9.32186670856016e-07,4.24644751913325e-07,1.15722152230231e-07,2.92425299752433e-07,1.07142789383681e-06,3.905892459059e-08,0.00309743706247234,0.00020584138825361,4.05600656392965e-07,1.99960276707708e-06,8.47449112877293e-06,1.3337850152642e-07,4.14670371596377e-06
"Poland",0.0517025347951396,1.90133779258477e-08,0.000224808960223568,0.00498322017813078,0.00480251658896683,3.40388176119052e-05,6.73386410314229e-09,3.17613381863964e-06,5.01610173228673e-06,1.24139780403623e-06,2.91000698353677e-07,0.0192600116875936,0.00516508108819492,0.0701716348620752,0.000737875058647384,9.16745400770942e-06,0.00561624869483157,0.0075972714096082,0.0316152756792068,0.00795261538083805,0.00508194755222827,9.56383477198437e-09,3.7127097337106e-07,4.8827363507446e-08,0.0012459992615013,0.00168719708260019,0.0268913177204727,0.000286992758457733,7.13829464088e-07,1.63865015051879e-08,2.80311657013792e-05,0.00400980856939765,0.00719213320400689,0.000155848124671378,8.87372247663529e-06,0.00758091411037144,1.56001478637536e-07,2.12196161723605e-05,8.77427512476829e-07,0.627568285625583,0.00160935694402124,0.00883635190772282,0.000224701920697776,3.44052991697273e-06,3.34384771393352e-06,0.000218056331100424,5.80052632529238e-05,0.000585426926485242,1.51884243088374e-06,0.000786695298308855,0.000398987744002761,8.00036385327961e-09,0.00592105850528367,0.00146314905330205,0.00898573154237611,7.95361938921760e-09,0.00206018542852427,0.000153167315567416,0.00201584232392189,3.41683501516695e-06,1.07721578303797e-06,4.56533454915826e-06,7.18529846666664e-08,0.00681336764986123
"Portugal",6.10497454076376e-07,2.12047552720806e-08,0.00455952197216279,0.00251180878355972,0.00122085715883184,1.89809722403458e-06,3.7549861181812e-07,2.65664814788415e-06,5.59423002413488e-06,6.5927356473373e-08,3.24539838037179e-07,0.00183450546765644,0.00891850452338706,5.85270362852962e-06,0.00096388136639698,1.02240443260356e-05,0.00143713597542894,0.00624242862536606,0.0136117760800349,0.00899951575031625,0.00633613604892551,1.06661097566914e-08,2.07030811691224e-08,5.44549368236552e-08,0.00906891850341747,0.00047285935851542,0.00786313486112106,0.000631745671641158,7.96101521308803e-07,1.82751195257484e-08,2.20154110277033e-08,0.00572142519565854,0.00160827896202247,0.000294817508529937,1.31952785526948e-05,4.60995014599901e-07,1.73981350893712e-07,3.38075320032352e-07,9.78554980794252e-08,0.00218705374347163,0.701233524860893,0.002234352255459,0.000663352485833122,3.83706646868358e-06,1.86462060338774e-06,0.000143477808752582,1.64607203068021e-08,0.000812659167548248,1.69389585424264e-06,0.000222198201707838,0.000984852555387705,8.92244178062491e-08,0.0079742917722386,0.00179030365494546,0.000131767762039954,8.87030980677864e-09,0.00416253496898193,0.000948475763779061,0.00297862994131772,4.6660905585826e-07,1.20136974837544e-06,0.000101830197903417,8.01343644126455e-08,2.49135702443389e-06
"Rest of EU",2.37050540522605e-05,3.92076725637974e-09,6.50478925582169e-06,0.00044618776784234,0.000953346416601448,3.50958893414753e-07,2.77719340429448e-08,1.20074837825818e-06,3.44791747917719e-07,4.30713089710998e-07,6.00075385940591e-08,0.000436134134976962,0.000182367064643323,0.0127384054946629,0.000197946205670252,1.89042965631747e-06,0.0003120522699288,0.00261191846505496,0.00165066573780325,0.00108242310599867,0.00070570705881638,7.88867088544986e-08,2.29680451519125e-07,5.53780610899763e-06,1.54548060420146e-05,6.39157147376174e-05,0.000587489780411739,2.81677689367403e-05,1.47199471885033e-07,3.37907650069991e-09,8.14131562336967e-08,1.23875138055588e-06,0.000619478100891195,1.22041496967537e-06,7.31943596014996e-06,0.000103990545761799,3.21692174727866e-08,6.25102543257451e-08,1.80935185435363e-08,0.000280380515226357,0.000121370598492412,0.0900534321005547,2.20323150645638e-05,8.5137004664847e-07,7.34358084204045e-05,2.87418166620953e-05,5.68847606465418e-05,1.22064164846958e-08,4.07162577948221e-05,4.65547019806097e-05,1.43838553993329e-07,2.6396205667312e-07,0.00011642377505813,0.000117370252929483,0.000424906572167517,1.16448777911663e-06,5.96614412713928e-05,1.97892306564321e-05,4.20739713951853e-05,2.80397619489688e-07,2.22133720092372e-06,9.41422102088722e-07,1.48168742373358e-08,0.000156621970534716
"Rest of Middle East/Africa",0,0,0,0,0,0,0,0,0,0,0,0,0,0,0,0,0,0,0,0,0,0,0,0,0,0,0,0,0,0,0,0,0,0,0,0,0,0,0,0,0,0,0,0,0,0,0,0,0,0,0,0,0,0,0,0,0,0,0,0,0,0,0,0
"Rest of South America",0,0,0,0,0,0,0,0,0,0,0,0,0,0,0,0,0,0,0,0,0,0,0,0,0,0,0,0,0,0,0,0,0,0,0,0,0,0,0,0,0,0,0,0,0,0,0,0,0,0,0,0,0,0,0,0,0,0,0,0,0,0,0,0
"Rest of South Asia/Oceania",4.14202374386914e-07,1.43867266330818e-08,4.3702789987986e-06,7.04788818279257e-08,8.77216033095185e-07,1.28779632374024e-06,5.09526831129412e-09,2.00272010130019e-08,1.26516681513376e-07,4.47295355713429e-08,2.20189569343113e-07,1.65512156349982e-07,1.6687564761031e-07,2.64724417039812e-08,2.58482883870516e-07,6.93667665180991e-06,2.36089426061139e-07,5.96313134795267e-07,1.61617388992844e-08,2.38977472650236e-07,1.49681726955088e-07,7.236603457056e-08,1.68556287731271e-06,3.69458774624563e-08,2.3628885958904e-06,1.10627403106568e-07,4.70876502406188e-07,4.74602275930226e-07,5.40128608526329e-07,6.1995327328774e-07,1.49367298092577e-08,8.56813765013479e-07,3.9420671886432e-08,2.13756937287462e-06,2.23814025379176e-07,3.12769903220466e-07,1.18040604687277e-07,2.29372947166291e-07,1.32783451857741e-06,2.03294120532522e-08,3.32353015885184e-07,4.50366686025222e-08,1.94882735334772e-05,5.20664592914197e-08,0.00749849396678922,1.11634126204981e-08,1.11680554761877e-08,4.47897989479265e-07,0.000114925243357964,1.07681533333839e-08,9.23115507673864e-07,6.05358228144469e-09,1.73096166895368e-08,4.71713376550189e-08,1.19200103762749e-07,1.76225297186307e-06,1.3638293785558e-06,1.4308160161115e-06,1.38770217912228e-06,6.75895833935071e-08,8.1508972555267e-07,3.45442142913568e-06,5.43685215852703e-08,1.69030351900031e-06
"Romania",1.70762827560791e-05,2.96560120260722e-08,0.0012840797224686,0.0105316488403114,0.00731634351856267,2.65459296183145e-06,1.05031076331388e-06,1.23848932958335e-06,2.60794572952534e-07,2.76609060279381e-07,4.53886744566315e-07,0.0246776603802103,0.00572769481102311,0.00497340449424308,0.000740623261584038,0.000142988861506561,0.0040875749952861,0.0426088377175319,0.0207750744823777,0.0282265054205605,0.0144169659247765,1.49171388755579e-08,2.89543933070819e-08,7.61582126556116e-08,0.0228303167150857,0.0041708750627179,0.0271051542117582,1.08702132655955e-08,0.000289481814650239,2.55587559242942e-08,3.07897585149743e-08,0.0150781950102603,0.047622161306155,0.00263391479992948,4.61358000157306e-07,0.000567359570951626,2.43322451413038e-07,4.7281685772617e-06,1.36856275426185e-07,0.00791347686725578,0.0073830644313707,0.0171088302506649,0.0011064096450836,1.28792344411475e-05,0.0026182051700158,0.95,2.30212192082721e-08,0.000602896901518609,2.36900615827783e-05,0.000747888006535117,0.00083991298474442,2.49570473559328e-07,0.011287960433449,0.00245966810697419,0.015865661254371,1.24056142563064e-08,0.0125416659272757,0.000794864900682609,0.00288421998607898,4.89433747093028e-07,0.0019658122548773,7.12075554490636e-06,1.12072299077747e-07,0.0370729445152041
"Russia",2.04641708154166e-06,7.10793683232422e-08,1.6609148918647e-07,2.71046248446074e-05,2.02192313274572e-06,0.000340394497524767,4.27954451217153e-06,2.96840448892681e-06,0.000118763492655276,4.41983394122779e-07,1.08787328065902e-05,0.000261674524263161,8.24469382312295e-07,0.0212180622691829,1.11870985700801e-05,0.000285138818044153,0.000139971414208719,6.26619791623773e-06,2.87456514365758e-05,9.44557757031632e-05,0.000192275390152274,3.57533173217142e-08,6.93977323937131e-08,1.82535589863834e-07,1.16741377727913e-06,5.46568106324764e-07,1.1447196187424e-05,2.60536680312303e-08,2.66857091863289e-06,6.1259087183725e-08,7.3796725741327e-08,5.6143134673567e-07,0.000132444419008884,7.37494470379521e-07,1.10578034542289e-06,6.18111060797159e-05,5.83193928101201e-07,1.13324487291853e-06,3.280163765719e-07,1.50659889909079e-05,1.64203039592913e-06,0.0003893909688606,3.87083046101054e-05,3.9923750247836e-06,6.25029871605299e-06,2.20616777571103e-06,0.548707938963748,1.43550456863686e-05,5.67802107499218e-06,7.98020518981097e-06,1.30382051392343e-07,5.68559780494955e-07,0.00025912639159092,4.66111432988684e-06,5.30030316558224e-05,2.37869670197017e-09,3.14646953259151e-06,0.00125404246808713,9.15674253286539e-07,7.16877420705565e-07,4.02704967548537e-06,1.70669881598104e-05,2.68614276861515e-07,8.35114960263612e-06
"Saudi Arabia",0,0,0,0,0,0,0,0,0,0,0,0,0,0,0,0,0,0,0,0,0,0,0,0,0,0,0,0,0,0,0,0,0,0,0,0,0,0,0,0,0,0,0,0,0,0,0,0,0,0,0,0,0,0,0,0,0,0,0,0,0,0,0,0
"Singapore",0,0,0,0,0,0,0,0,0,0,0,0,0,0,0,0,0,0,0,0,0,0,0,0,0,0,0,0,0,0,0,0,0,0,0,0,0,0,0,0,0,0,0,0,0,0,0,0,0,0,0,0,0,0,0,0,0,0,0,0,0,0,0,0
"Slovakia",0.00011990321190488,1.60179478844711e-05,0.005609890446479,0.0562394813151837,0.0117037338192233,0.000344114765098294,0.000425020337610094,0.00305838826131561,0.00416386946863487,0.00188032499662698,0.00777633220720886,0.116034275288141,0.0442530430129835,0.00718222111545678,0.0278351113571268,1.5446366353361e-05,0.130225176938502,0.0575597114802331,0.0845382744177749,0.0407518384844256,0.0536223352131186,0.000268463132200516,3.6595227723508e-05,8.22698804019621e-08,0.0349580943769249,0.0179041009082046,0.0338062437747302,0.00101126786919069,0.000348794846201323,4.41757382647228e-06,0.000510217987263063,0.0129430195638426,0.0231591747664387,0.00293170768801164,0.000174433631780112,0.00589906588255814,2.62848986062541e-06,0.000597589471017187,0.000780589601832132,0.0199015553930925,0.00586877813808625,0.025991172232093,0.00994142935236893,0.00556975284859541,0.000529604827788395,0.00164736118303126,0.00217600804209302,0.00843870273475176,0.00148428844348972,0.95,0.00215605002873161,0.000446185367923975,0.023344692325884,0.0142181606845604,0.0216644717685955,3.80592947008372e-05,0.00655177264967642,0.00752794513428862,0.0226813649316084,0.00229049189747498,0.000344852914054713,7.69219348279821e-06,0.00047336828939624,0.0377144082257804
"South Africa",1.01690293467323e-06,1.87199540182352e-05,0.00287053142157724,1.73031798452119e-07,0.00143676594955321,3.16165223053396e-06,9.56963580755525e-05,5.90022290825063e-06,3.10609481431632e-07,2.11210674689637e-05,5.40584586413516e-07,4.06346771347019e-07,3.27755408996093e-05,6.49921519561307e-08,6.34598011563286e-07,1.70301458424658e-05,5.7962012062883e-07,0.000821002888450422,0.0483573512470943,5.86710526752824e-07,3.67481687261894e-07,1.7766492293626e-08,5.86245537258904e-06,9.07053497007579e-08,0.000116021949464845,2.7159991789246e-06,8.75127069780698e-07,0.00118629284274733,0.00511860247104599,1.1871906747077e-05,3.66709736996022e-08,2.78985740132186e-07,4.54871572962276e-05,0.000370139548276212,0.00120886247222794,7.67877376205602e-07,1.44899986986756e-05,5.63130579474095e-07,1.62997474447173e-07,4.99104786826319e-07,2.28467574953887e-05,1.1056894721475e-05,0.0104308014433613,6.39138480674553e-06,1.86353422210991e-05,2.74071510853979e-08,2.74185497008282e-07,0.000975370574350174,0.0164494318872604,2.64367550812266e-08,0.720260376977184,0.000770598442786022,0.00189109949354882,1.1580974581532e-07,8.77939935828063e-06,5.02358030270745e-06,3.90884894679164e-08,0.00127952940186061,0.00228008351236639,0.000986173631600792,0.00122068095927661,8.48090572654417e-06,1.33479459734485e-07,4.14984248099523e-06
"South Korea",0.000790589362005397,7.19198576257982e-05,0.112806782539741,0.0176496568158867,0.0180410869242847,0.0210992956936548,0.000288108484376595,0.0945392840232607,0.0373251940171664,0.000356515255793511,0.0357251168258138,0.0237889516165901,0.0314754401470648,0.0826757953701485,0.0909537078813773,0.00226938849817847,0.0450081902833996,0.0420360277808528,0.043306501446142,0.0315077637818227,0.0491519426991995,0.00045155566275862,0.00589361670191542,0.000107711947212523,0.062226547586432,0.130807400901905,0.0152835015716374,0.000255818608291483,0.00155168553584572,0.000194345373431296,0.00792650993065513,0.0112455641199225,0.033109356097822,0.0484690618216929,0.00211151130807999,0.0565122465577525,0.0133268424149589,0.0295695747388639,0.00868760999333725,0.0112595927881127,0.00666018045936105,0.0216001727762258,0.045015101410631,0.034137895247579,0.0229418467165664,0.000979668568262203,0.00702390509484905,0.0579642455782314,0.0520469198350875,0.00129996955388763,0.00342451768787177,0.95,0.0248669697003083,0.0236676320643135,0.0325789665234665,2.76164446335698e-05,0.0107790697044091,0.013908697957375,0.0226071959511133,0.0433552473349026,0.00982035080428087,0.00750909882531342,0.0092209253287525,0.0875639900078822
"Spain",0.00370277416993986,8.76628039589057e-05,0.0125384915313293,0.0669630850553686,0.0749286030362242,0.00743394684424302,0.000133788300423584,0.000103566606316745,0.0335648208215674,1.24321501713952e-05,0.0138758329274796,0.102324675005891,0.184794613402141,0.0076842648733195,0.0528770401517157,0.00639571444190565,0.0576467614788243,8.47385576783491e-08,6.47884909589777e-08,0.246695280439228,0.0716025029970397,1.4504893952715e-06,5.79976924696669e-05,1.48107060933514e-06,0.105568195317105,0.101272733043548,0.168876410609148,0.00389053485059002,2.16524457474948e-06,2.98229075163464e-06,0.0164933198092153,0.0838190415398489,0.033130551641418,0.0136732949762449,0.00669323239002966,0.0537386683962929,4.73196151554738e-07,0.00349410192702878,0.000388576554315862,0.0270231530940593,0.0732447586294273,0.0662910737776228,0.00712656026144118,0.00691495342439391,0.00136421011084234,0.00560511451974576,4.47700254135638e-07,0.00216179933158186,0.0140976471641869,0.00494131672865362,0.0124049754716582,0.000118181960279051,0.563216514538669,0.023820731809055,0.116594009710756,2.00242097612579e-05,0.125959544383324,0.00644416494243088,0.0845277731267144,0.000403728555764259,0.0496006044097778,0.00193871126179345,0.000209232206477656,0.182816933197084
"Sweden",4.73018122725243e-05,2.05370093369647e-05,0.000574331452497605,0.00284359563365006,0.0033154268715637,1.47066032735741e-06,0.00012254359625388,0.000768237418906314,0.000576482175538327,0.000407898994382861,0.00140815339017727,0.0103561037660045,0.0785135898539676,0.000682324170203457,0.000625796092965301,0.00166355031705465,0.0966888260109763,0.00308701765305826,0.00624832012746057,0.00378255620712902,0.00273326943581604,4.4378667392785e-05,1.60409065162481e-07,4.21921038612957e-08,0.0033163497436364,0.00106880450789041,0.00219003811350765,0.000253894390250783,6.16825581488974e-07,1.41597031616244e-08,0.000315055899705734,0.000981074709915891,0.00490159393962672,0.000155125712285929,7.92344756283765e-05,0.0278316590599881,1.34802088754738e-07,0.000929898921192036,3.63932124066804e-05,0.00327974410238334,0.000747706310908747,0.0151008814107361,0.000369931931318929,0.000561894847409381,4.33416715263944e-06,0.000239673502569608,9.94803630001489e-06,3.58048904303457e-06,0.000472479672794257,0.000225530747034726,6.14796809680803e-05,0.000467745522917166,0.00135546028199749,0.613929259711616,0.0063652626986069,6.87278425942269e-09,0.000813654830449844,0.000447712842044437,0.00155893089767054,0.0012609040998311,0.000400257123909108,3.94494102533864e-06,5.52589624522859e-05,0.0162147097008933
"Switzerland",0,0,0,0,0,0,0,0,0,0,0,0,0,0,0,0,0,0,0,0,0,0,0,0,0,0,0,0,0,0,0,0,0,0,0,0,0,0,0,0,0,0,0,0,0,0,0,0,0,0,0,0,0,0,0,0,0,0,0,0,0,0,0,0
"Thailand",5.31789900478989e-05,4.61774026268517e-08,0.128036977582069,0.00563426990841673,7.79920881116683e-05,0.0255861734513726,0.000559483962779877,0.00152604900888942,0.0146230654246868,7.6116526104386e-05,0.000869299366578893,0.00384623639213797,0.00161222989330328,0.00164925209975105,0.0127363179769997,0.0169212543129043,0.000272801369904087,0.00287050710263862,0.0102819426171181,2.3241657773815e-06,0.00100891734793564,3.55578033308897e-05,0.0122156147527132,1.78709132846116e-06,7.58421709382649e-07,0.0319881782810855,6.08099966980699e-07,0.00668032247564039,0.00805712963053583,0.00325324450264903,0.0264917310535602,0.00202065590117766,0.00278238203894387,0.0543938741707024,0.00550279808626811,1.00390464898123e-06,3.45650038941921e-05,0.0168703932822996,0.165720693277431,0.000628184708110074,0.00148386456443415,0.000273301873979408,0.0470755810533172,0.028260849596063,0.219371723262795,9.13702193455655e-05,1.44819297818043e-06,0.111443510579316,0.0450517166522375,3.45627858723569e-08,0.00765808567380214,5.31807866222381e-07,0.000778382558148467,0.000452706666472633,0.00676435518835918,0.95,0.00877615530211157,0.0441292052632632,0.00011540696830169,0.00123673726336638,0.00120345750643243,0.144584061455109,0.0828170300171512,5.42540552476888e-06
"Turkey",0.300194035071857,4.34359931068101e-06,0.00131032738386959,0.0150398432554748,0.0117590139687589,3.88807778639039e-06,3.53820228360324e-06,6.04655518475719e-07,4.20173096416702e-05,8.23781411478868e-06,6.64790042940448e-06,0.0240810038526714,0.0262392672989065,0.0144288310025741,0.0362809876171865,2.09430155251128e-05,0.0117896199561134,0.095006135979112,0.0268704632640997,0.0959974300682502,0.00681035579632596,2.18485459475273e-08,4.24083597953967e-08,5.68884270239781e-05,0.0571644662783031,0.0695795232501686,0.0435090492722028,0.00018038689410791,1.63074082903562e-06,7.48698068486266e-07,2.3901169882307e-05,0.0337802364037926,0.0202972894390872,0.000887832810141114,0.000918996739679691,0.00828156305937432,3.56384813744247e-07,6.92516234311012e-07,6.01343993670763e-06,0.0273751923098276,0.0120602336926356,0.0474887170337452,0.0196256737049275,0.000226364490781102,0.000947236993109119,0.00296968197282011,7.28314703540522e-05,0.00108452918949258,0.00013879160160912,0.000935988817136482,0.000621467766936899,1.16971534644979e-05,0.0357714033010704,0.016721338703949,0.0223380954772519,4.36080353500484e-06,0.580253893666525,0.00358873926859583,0.0175744024463451,5.61535898002347e-06,0.00297768362812589,1.04294902663215e-05,1.64147883603693e-07,0.025516579925446
"United Arab Emirates",0,0,0,0,0,0,0,0,0,0,0,0,0,0,0,0,0,0,0,0,0,0,0,0,0,0,0,0,0,0,0,0,0,0,0,0,0,0,0,0,0,0,0,0,0,0,0,0,0,0,0,0,0,0,0,0,0,0,0,0,0,0,0,0
"United Kingdom",3.33459297192363e-06,8.80249587388514e-06,0.00572787867198306,0.00331645239017755,0.0248621133578486,0.000653157588332224,0.000135899775932047,0.0014988299566128,0.00215726746738344,0.000627237390095832,0.00224774086829827,0.00788294158928578,0.00607510471991267,0.00491783928555602,0.00328166110804488,5.58446658976055e-06,0.00562409094681565,0.0136689931326039,0.052509629241711,0.00716275747326294,0.00835329051183844,0.000107954423124664,0.000148476829156481,2.97437849095418e-08,0.0293850180062986,0.00215263112051989,0.00851952514395271,0.00098613756778929,0.057702994308387,0.000309742625298114,0.000551707872019018,0.00276556253156056,0.0155525898044749,0.00532126710089716,0.00956599765271766,0.0167900062726669,0.000207165849687909,0.0019296952668218,0.000164090175924807,0.00256835031251731,0.00230724383616506,0.0060376903360971,0.00407418250048932,0.00238464769090078,0.000866695943589607,0.000264584884324364,8.99099609365377e-09,0.00113368368512387,0.0112321880329512,9.19046670774109e-05,0.000891902974465855,0.000529995231065332,0.00537286556498332,0.00268072102251555,0.00593535341613125,6.87827213438742e-05,0.00457299310049205,0.00267153952884717,0.482456860214568,0.000918332284675325,0.000748067033837144,2.78102930643706e-06,0.000141377498252325,0.00764770729450582
"United States",0.000415491623691949,0.000553809075844993,0.0429862810248132,0.00128361519061959,0.0306984471423868,0.0272086370811361,0.00108323966512613,0.324118953064476,0.0371847701275194,0.00621806246844933,0.0870868446723849,0.00613782288123981,0.00498523430804699,0.139532406871504,0.0132884812776335,0.00956761822734541,0.00663107983203483,0.0101017921506909,0.100778118792402,0.00364076748157592,0.00161877910769653,0.000307151860324761,0.000202985187689421,1.15815235836719e-07,0.017999035363252,0.0264355498459113,0.00383710958493711,0.00414354493363875,0.000998961849610953,0.000195504450623175,0.0960148275919656,0.00361916603435267,0.0507217901968849,0.049459747852733,0.389624236792518,0.0180402474022398,0.000314521299743097,0.0316297578552678,0.00687836365499741,0.00748220524219982,0.00120019500102675,0.130397330600048,0.207549608530057,0.280801750652219,0.0566419703391805,0.0010610256542513,7.00176077900216e-07,0.0769047705651547,0.0185533514556786,0.000201518662752606,0.00422227599160808,0.0106043511683819,0.00283459051427846,0.0129858784959797,0.00831766651271981,9.33839897095295e-05,0.00139247012098451,0.310396109797962,0.00777870473529658,0.740900811393391,0.0107058006470268,0.267034947196649,0.00357903980690939,0.0228371379953149
"Uruguay",0,0,0,0,0,0,0,0,0,0,0,0,0,0,0,0,0,0,0,0,0,0,0,0,0,0,0,0,0,0,0,0,0,0,0,0,0,0,0,0,0,0,0,0,0,0,0,0,0,0,0,0,0,0,0,0,0,0,0,0,0,0,0,0
"Venezuela",0,0,0,0,0,0,0,0,0,0,0,0,0,0,0,0,0,0,0,0,0,0,0,0,0,0,0,0,0,0,0,0,0,0,0,0,0,0,0,0,0,0,0,0,0,0,0,0,0,0,0,0,0,0,0,0,0,0,0,0,0,0,0,0
"Vietnam",9.66455609271101e-07,3.35684523155432e-08,4.70637348048895e-06,1.64447900084047e-07,4.3781611192747e-07,3.00480648504168e-06,2.43719481988357e-05,0.00195141695363132,2.95200520508728e-07,9.39304115658476e-07,5.13766838516132e-07,0.000100408983790541,3.89369824164937e-07,6.17679698572081e-07,6.03116371283467e-07,1.61853008925035e-05,9.91558560714199e-05,7.39829893374983e-06,0.00197676220888675,5.57604526710192e-07,3.49251364952342e-07,1.85736298949129e-06,2.86119384691508e-07,8.62055669426938e-08,0.000402471778898331,2.58126174263709e-07,1.70501180101025e-05,3.69128764189666e-07,1.2602784429006e-06,2.89306559066335e-07,3.4851771020606e-08,2.65145594789775e-07,0.000128771983335869,3.4829442841034e-07,5.22223757363578e-07,7.29783907748043e-06,0.00549024494256525,5.3519435211357e-07,5.2262447805151e-05,4.74344801647521e-08,5.11814854701532e-05,1.05083755394249e-07,3.7613396265507e-05,2.82334204524214e-06,0.000354217308381654,2.60475154485959e-07,2.60583485924929e-08,1.04507736092582e-07,2.68154295963544e-06,2.51252596172201e-08,6.15751627822982e-08,6.11179349523245e-07,9.77399570155701e-05,2.20129128622178e-06,9.89276324957224e-05,8.42535274618315e-07,3.71493567538396e-06,4.26244694462175e-06,0.00169638545815335,0.000305286686820786,1.9018433645766e-06,8.06017824479175e-06,0.806081680724504,3.94397381165796e-06
"Western Europe non EU",0,0,0,0,0,0,0,0,0,0,0,0,0,0,0,0,0,0,0,0,0,0,0,0,0,0,0,0,0,0,0,0,0,0,0,0,0,0,0,0,0,0,0,0,0,0,0,0,0,0,0,0,0,0,0,0,0,0,0,0,0,0,0,0
